Pump Name,X coordinate,Y coordinate
-999,51.513341,-0.136668
-999,51.513876,-0.139586
-999,51.514906,-0.139671
-999,51.512354,-0.13163
-999,51.512139,-0.133594
-999,51.511542,-0.135919
-999,51.510019,-0.133962
-999,51.511295,-0.138199